step,seen_tokens,time_delta_s,run_name,local_window,global_window,mem_freq,lr_mult,train_loss,val_loss,train_perplexity,val_perplexity
1,49999,154.48296475410461,smollm/baseline,8192,8192,128,0.002,2.8871943950653076,,17.94289779663086,
2,99998,0.9353115558624268,smollm/baseline,8192,8192,128,0.003,2.7806036472320557,,16.128753662109375,
3,149997,0.9285910129547119,smollm/baseline,8192,8192,128,0.004,2.7874398231506348,,16.239391326904297,
4,199996,0.9062685966491699,smollm/baseline,8192,8192,128,0.005,2.8680989742279053,,17.6035213470459,
5,249995,0.8902173042297363,smollm/baseline,8192,8192,128,0.006,2.9083077907562256,,18.325761795043945,
6,299994,0.9323949813842773,smollm/baseline,8192,8192,128,0.007,2.825373411178589,,16.86724281311035,
7,349993,0.9543616771697998,smollm/baseline,8192,8192,128,0.008,3.041649580001831,,20.939756393432617,
8,399992,1.018787145614624,smollm/baseline,8192,8192,128,0.009,2.9893758296966553,,19.873273849487305,
9,449991,0.9022009372711182,smollm/baseline,8192,8192,128,0.01,2.741908073425293,,15.516563415527344,
10,499990,0.9700520038604736,smollm/baseline,8192,8192,128,0.011,2.97078275680542,,19.507183074951172,
11,549989,0.9672324657440186,smollm/baseline,8192,8192,128,0.012,2.904621124267578,,18.258325576782227,
12,599988,1.171888828277588,smollm/baseline,8192,8192,128,0.013,2.7147879600524902,,15.101408004760742,
13,649987,1.06880784034729,smollm/baseline,8192,8192,128,0.014,2.694948673248291,,14.80475902557373,
14,699986,0.9424047470092773,smollm/baseline,8192,8192,128,0.015,2.8657891750335693,,17.562908172607422,
15,749985,0.8895449638366699,smollm/baseline,8192,8192,128,0.016,2.945969343185425,,19.029098510742188,
16,799984,0.9126367568969727,smollm/baseline,8192,8192,128,0.017,2.9489076137542725,,19.085094451904297,
17,849983,0.9241080284118652,smollm/baseline,8192,8192,128,0.018,2.931459665298462,,18.754985809326172,
18,899982,0.9125440120697021,smollm/baseline,8192,8192,128,0.019,2.900602340698242,,18.185094833374023,
19,949981,0.9112234115600586,smollm/baseline,8192,8192,128,0.02,2.9503040313720703,,19.11176300048828,
20,999980,0.9482605457305908,smollm/baseline,8192,8192,128,0.021,2.912172555923462,,18.3967227935791,
21,1049979,1.0684995651245117,smollm/baseline,8192,8192,128,0.022,2.8691177368164062,,17.621463775634766,
22,1099978,0.9724712371826172,smollm/baseline,8192,8192,128,0.023,2.896677017211914,,18.113853454589844,
23,1149977,0.9563190937042236,smollm/baseline,8192,8192,128,0.024,3.0309202671051025,,20.71628761291504,
24,1199976,0.8991177082061768,smollm/baseline,8192,8192,128,0.025,3.0480504035949707,,21.07421875,
25,1249975,0.9802889823913574,smollm/baseline,8192,8192,128,0.026,2.8946359157562256,,18.076919555664062,
26,1299974,1.0221078395843506,smollm/baseline,8192,8192,128,0.027,2.7842776775360107,,16.188119888305664,
27,1349973,0.898566722869873,smollm/baseline,8192,8192,128,0.028,2.8263111114501953,,16.883066177368164,
28,1399972,0.9395942687988281,smollm/baseline,8192,8192,128,0.029,2.996514081954956,,20.015642166137695,
29,1449971,0.9273295402526855,smollm/baseline,8192,8192,128,0.03,2.927168130874634,,18.674671173095703,
30,1499970,0.9387185573577881,smollm/baseline,8192,8192,128,0.031,2.871122360229492,,17.656824111938477,
31,1549969,0.9445326328277588,smollm/baseline,8192,8192,128,0.032,2.8166534900665283,,16.720800399780273,
32,1599968,0.9544191360473633,smollm/baseline,8192,8192,128,0.033,2.584773063659668,,13.260279655456543,
33,1649967,1.0729598999023438,smollm/baseline,8192,8192,128,0.034,2.603135585784912,,13.506020545959473,
34,1699966,1.0845904350280762,smollm/baseline,8192,8192,128,0.035,2.823683738708496,,16.83876609802246,
35,1749965,0.9149279594421387,smollm/baseline,8192,8192,128,0.036,2.802074432373047,,16.478796005249023,
36,1799964,0.9065098762512207,smollm/baseline,8192,8192,128,0.037,2.8126931190490723,,16.65471076965332,
37,1849963,0.8876266479492188,smollm/baseline,8192,8192,128,0.038,2.9640371799468994,,19.376039505004883,
38,1899962,0.9463682174682617,smollm/baseline,8192,8192,128,0.039,2.8810853958129883,,17.833620071411133,
39,1949961,0.9147851467132568,smollm/baseline,8192,8192,128,0.04,2.7333784103393555,,15.384775161743164,
40,1999960,0.9179377555847168,smollm/baseline,8192,8192,128,0.041,2.6993443965911865,,14.869979858398438,
41,2049959,0.9285421371459961,smollm/baseline,8192,8192,128,0.042,2.7960662841796875,,16.380084991455078,
42,2099958,0.9637670516967773,smollm/baseline,8192,8192,128,0.043,2.970076560974121,,19.493412017822266,
43,2149957,0.9820129871368408,smollm/baseline,8192,8192,128,0.044,3.0827860832214355,,21.819107055664062,
44,2199956,0.9025008678436279,smollm/baseline,8192,8192,128,0.045,2.926008462905884,,18.653026580810547,
45,2249955,0.9401323795318604,smollm/baseline,8192,8192,128,0.046,2.87109637260437,,17.6563663482666,
46,2299954,0.9398930072784424,smollm/baseline,8192,8192,128,0.047,2.93102765083313,,18.746885299682617,
47,2349953,0.899038553237915,smollm/baseline,8192,8192,128,0.048,2.8738818168640137,,17.70561408996582,
48,2399952,0.9051976203918457,smollm/baseline,8192,8192,128,0.049,2.820378065109253,,16.78319549560547,
49,2449951,0.8919639587402344,smollm/baseline,8192,8192,128,0.05,2.794410228729248,,16.352981567382812,
50,2499950,47.200597524642944,smollm/baseline,8192,8192,128,0.051,,2.88125,,17.8365535736084
50,2499950,48.244234561920166,smollm/baseline,8192,8192,128,0.051,2.8239903450012207,,16.843929290771484,
51,2549949,1.1891307830810547,smollm/baseline,8192,8192,128,0.052,2.956550359725952,,19.231515884399414,
52,2599948,0.9853672981262207,smollm/baseline,8192,8192,128,0.053,2.9661953449249268,,19.41790008544922,
53,2649947,1.0783617496490479,smollm/baseline,8192,8192,128,0.054,2.9017326831817627,,18.20566177368164,
54,2699946,1.0812232494354248,smollm/baseline,8192,8192,128,0.055,2.9275286197662354,,18.68140411376953,
55,2749945,1.051543951034546,smollm/baseline,8192,8192,128,0.056,2.820887327194214,,16.791744232177734,
56,2799944,0.9629004001617432,smollm/baseline,8192,8192,128,0.057,2.7758126258850098,,16.051666259765625,
57,2849943,0.9761667251586914,smollm/baseline,8192,8192,128,0.058,2.8317935466766357,,16.975879669189453,
58,2899942,0.9583132266998291,smollm/baseline,8192,8192,128,0.059,2.8564658164978027,,17.39992332458496,
59,2949941,0.9626131057739258,smollm/baseline,8192,8192,128,0.06,2.8866636753082275,,17.933378219604492,
60,2999940,0.9487948417663574,smollm/baseline,8192,8192,128,0.061,2.8350720405578613,,17.031627655029297,
61,3049939,1.0059220790863037,smollm/baseline,8192,8192,128,0.062,2.822591543197632,,16.820384979248047,
62,3099938,1.00278639793396,smollm/baseline,8192,8192,128,0.063,2.7987213134765625,,16.423633575439453,
63,3149937,0.9540109634399414,smollm/baseline,8192,8192,128,0.064,2.7184481620788574,,15.156783103942871,
64,3199936,0.9857110977172852,smollm/baseline,8192,8192,128,0.065,2.7734463214874268,,16.01372718811035,
65,3249935,0.9404046535491943,smollm/baseline,8192,8192,128,0.066,2.895042896270752,,18.084278106689453,
66,3299934,0.9478638172149658,smollm/baseline,8192,8192,128,0.067,2.85404634475708,,17.35787582397461,
67,3349933,0.9430596828460693,smollm/baseline,8192,8192,128,0.068,3.004352569580078,,20.17315101623535,
68,3399932,0.9485681056976318,smollm/baseline,8192,8192,128,0.069,3.062047243118286,,21.371265411376953,
69,3449931,0.9761879444122314,smollm/baseline,8192,8192,128,0.07,2.9969658851623535,,20.024686813354492,
70,3499930,0.9491040706634521,smollm/baseline,8192,8192,128,0.071,2.930302619934082,,18.733299255371094,
71,3549929,0.9669301509857178,smollm/baseline,8192,8192,128,0.072,2.9243993759155273,,18.623037338256836,
72,3599928,0.9418885707855225,smollm/baseline,8192,8192,128,0.073,2.941056966781616,,18.935850143432617,
73,3649927,0.964195728302002,smollm/baseline,8192,8192,128,0.074,2.805241346359253,,16.531064987182617,
74,3699926,0.9721517562866211,smollm/baseline,8192,8192,128,0.075,2.8268508911132812,,16.892181396484375,
75,3749925,0.9456241130828857,smollm/baseline,8192,8192,128,0.076,2.8667383193969727,,17.579586029052734,
76,3799924,0.965911865234375,smollm/baseline,8192,8192,128,0.077,2.9164044857025146,,18.474740982055664,
77,3849923,0.943061113357544,smollm/baseline,8192,8192,128,0.078,2.9084324836730957,,18.328046798706055,
78,3899922,0.9821550846099854,smollm/baseline,8192,8192,128,0.079,2.8478145599365234,,17.250041961669922,
79,3949921,1.0444891452789307,smollm/baseline,8192,8192,128,0.08,2.907418727874756,,18.30947494506836,
80,3999920,0.9413847923278809,smollm/baseline,8192,8192,128,0.081,2.998577356338501,,20.056982040405273,
81,4049919,0.9669344425201416,smollm/baseline,8192,8192,128,0.082,2.9911322593688965,,19.90821075439453,
82,4099918,1.012927532196045,smollm/baseline,8192,8192,128,0.083,2.9590325355529785,,19.27931022644043,
83,4149917,0.9431736469268799,smollm/baseline,8192,8192,128,0.084,2.782855987548828,,16.165122985839844,
84,4199916,1.000359296798706,smollm/baseline,8192,8192,128,0.085,2.7717130184173584,,15.985995292663574,
85,4249915,1.002551794052124,smollm/baseline,8192,8192,128,0.086,2.7935917377471924,,16.339601516723633,
86,4299914,0.9930694103240967,smollm/baseline,8192,8192,128,0.087,2.8565258979797363,,17.400968551635742,
87,4349913,0.9746050834655762,smollm/baseline,8192,8192,128,0.088,2.899693727493286,,18.1685791015625,
88,4399912,0.9645121097564697,smollm/baseline,8192,8192,128,0.089,2.819898843765259,,16.77515411376953,
89,4449911,0.9712207317352295,smollm/baseline,8192,8192,128,0.09,2.8432157039642334,,17.1708927154541,
90,4499910,0.9912407398223877,smollm/baseline,8192,8192,128,0.091,2.97293758392334,,19.54926300048828,
91,4549909,1.0313811302185059,smollm/baseline,8192,8192,128,0.092,3.0346312522888184,,20.79330825805664,
92,4599908,0.9700980186462402,smollm/baseline,8192,8192,128,0.093,3.0006725788116455,,20.099050521850586,
93,4649907,0.9823360443115234,smollm/baseline,8192,8192,128,0.094,2.988893747329712,,19.86369514465332,
94,4699906,0.9625186920166016,smollm/baseline,8192,8192,128,0.095,3.025800943374634,,20.610506057739258,
95,4749905,1.1434760093688965,smollm/baseline,8192,8192,128,0.096,3.3411123752593994,,28.250534057617188,
96,4799904,1.0533342361450195,smollm/baseline,8192,8192,128,0.097,3.147749185562134,,23.283597946166992,
97,4849903,0.9791615009307861,smollm/baseline,8192,8192,128,0.098,2.848310947418213,,17.25860595703125,
98,4899902,0.9587295055389404,smollm/baseline,8192,8192,128,0.099,2.9221534729003906,,18.58125877380371,
99,4949901,0.9262664318084717,smollm/baseline,8192,8192,128,0.1,2.860710382461548,,17.473936080932617,
100,4999900,5.392059564590454,smollm/baseline,8192,8192,128,0.101,,2.88125,,17.8365535736084
100,4999900,6.4315173625946045,smollm/baseline,8192,8192,128,0.101,2.801520824432373,,16.469675064086914,
101,5049899,0.9571361541748047,smollm/baseline,8192,8192,128,0.102,2.784213066101074,,16.187074661254883,
102,5099898,1.041705846786499,smollm/baseline,8192,8192,128,0.103,3.0081582069396973,,20.25006866455078,
103,5149897,1.0443871021270752,smollm/baseline,8192,8192,128,0.104,3.071810722351074,,21.580944061279297,
104,5199896,0.9455702304840088,smollm/baseline,8192,8192,128,0.105,2.865426778793335,,17.55654525756836,
105,5249895,0.9540109634399414,smollm/baseline,8192,8192,128,0.106,2.8552708625793457,,17.3791446685791,
106,5299894,0.9627125263214111,smollm/baseline,8192,8192,128,0.107,2.9014952182769775,,18.201339721679688,
107,5349893,0.9632349014282227,smollm/baseline,8192,8192,128,0.108,2.821347713470459,,16.799476623535156,
108,5399892,1.0032453536987305,smollm/baseline,8192,8192,128,0.109,2.7420308589935303,,15.518468856811523,
109,5449891,0.98213791847229,smollm/baseline,8192,8192,128,0.11,2.80733323097229,,16.56568145751953,
110,5499890,0.9466800689697266,smollm/baseline,8192,8192,128,0.111,2.8004393577575684,,16.451873779296875,
111,5549889,0.965158224105835,smollm/baseline,8192,8192,128,0.112,2.778588056564331,,16.096277236938477,
112,5599888,0.9491963386535645,smollm/baseline,8192,8192,128,0.113,2.7843356132507324,,16.189058303833008,
113,5649887,0.986518383026123,smollm/baseline,8192,8192,128,0.114,2.698331117630005,,14.85491943359375,
114,5699886,0.989126443862915,smollm/baseline,8192,8192,128,0.115,2.995745897293091,,20.000272750854492,
115,5749885,0.9601585865020752,smollm/baseline,8192,8192,128,0.116,3.0428876876831055,,20.9656982421875,
116,5799884,0.9564695358276367,smollm/baseline,8192,8192,128,0.117,2.7235007286071777,,15.23355770111084,
117,5849883,1.0511722564697266,smollm/baseline,8192,8192,128,0.118,2.704789161682129,,14.951164245605469,
118,5899882,0.9518129825592041,smollm/baseline,8192,8192,128,0.119,3.017735719680786,,20.4449462890625,
119,5949881,1.036346435546875,smollm/baseline,8192,8192,128,0.12,3.0947718620300293,,22.08220100402832,
120,5999880,0.9880867004394531,smollm/baseline,8192,8192,128,0.121,2.884241819381714,,17.889999389648438,
121,6049879,0.9602723121643066,smollm/baseline,8192,8192,128,0.122,2.873610258102417,,17.700807571411133,
122,6099878,0.9572951793670654,smollm/baseline,8192,8192,128,0.123,2.9061543941497803,,18.286340713500977,
123,6149877,0.9417276382446289,smollm/baseline,8192,8192,128,0.124,2.914689779281616,,18.443090438842773,
124,6199876,0.960132360458374,smollm/baseline,8192,8192,128,0.125,2.841801166534424,,17.146621704101562,
125,6249875,0.9816224575042725,smollm/baseline,8192,8192,128,0.126,2.864063024520874,,17.532617568969727,
126,6299874,1.066706895828247,smollm/baseline,8192,8192,128,0.127,3.065901517868042,,21.453794479370117,
127,6349873,0.9574723243713379,smollm/baseline,8192,8192,128,0.128,3.025439500808716,,20.603057861328125,
128,6399872,0.9531660079956055,smollm/baseline,8192,8192,128,0.129,3.0373058319091797,,20.848997116088867,
129,6449871,0.9845538139343262,smollm/baseline,8192,8192,128,0.13,3.069472312927246,,21.53053855895996,
130,6499870,1.00892972946167,smollm/baseline,8192,8192,128,0.131,2.9867069721221924,,19.8203067779541,
131,6549869,1.0782737731933594,smollm/baseline,8192,8192,128,0.132,2.890477180480957,,18.00189781188965,
132,6599868,0.9604189395904541,smollm/baseline,8192,8192,128,0.133,2.7366881370544434,,15.435779571533203,
133,6649867,0.9850583076477051,smollm/baseline,8192,8192,128,0.134,2.832242488861084,,16.983503341674805,
134,6699866,1.0509660243988037,smollm/baseline,8192,8192,128,0.135,2.829150915145874,,16.93107795715332,
135,6749865,0.9326686859130859,smollm/baseline,8192,8192,128,0.136,2.8455498218536377,,17.21101951599121,
136,6799864,0.9497463703155518,smollm/baseline,8192,8192,128,0.137,2.870574951171875,,17.64716148376465,
137,6849863,0.9700794219970703,smollm/baseline,8192,8192,128,0.138,2.8004562854766846,,16.452152252197266,
138,6899862,0.967247486114502,smollm/baseline,8192,8192,128,0.139,2.824613571166992,,16.85443115234375,
139,6949861,0.9544351100921631,smollm/baseline,8192,8192,128,0.14,2.8348968029022217,,17.028642654418945,
140,6999860,1.0039443969726562,smollm/baseline,8192,8192,128,0.141,2.6882119178771973,,14.705357551574707,
141,7049859,1.0391955375671387,smollm/baseline,8192,8192,128,0.142,2.759284257888794,,15.788537979125977,
142,7099858,0.9826288223266602,smollm/baseline,8192,8192,128,0.143,2.903179883956909,,18.23202896118164,
143,7149857,0.9758408069610596,smollm/baseline,8192,8192,128,0.144,3.051240921020508,,21.141563415527344,
144,7199856,0.9859790802001953,smollm/baseline,8192,8192,128,0.145,3.0130808353424072,,20.349998474121094,
145,7249855,1.0117542743682861,smollm/baseline,8192,8192,128,0.146,2.954982280731201,,19.20138168334961,
146,7299854,0.9487690925598145,smollm/baseline,8192,8192,128,0.147,2.89935040473938,,18.162343978881836,
147,7349853,0.941411018371582,smollm/baseline,8192,8192,128,0.148,2.8901755809783936,,17.996469497680664,
148,7399852,0.936180830001831,smollm/baseline,8192,8192,128,0.149,2.868218183517456,,17.605619430541992,
149,7449851,0.93410325050354,smollm/baseline,8192,8192,128,0.15,2.7602624893188477,,15.803990364074707,
150,7499850,5.39328932762146,smollm/baseline,8192,8192,128,0.151,,2.88125,,17.8365535736084
150,7499850,6.434346437454224,smollm/baseline,8192,8192,128,0.151,2.828188419342041,,16.914791107177734,
151,7549849,0.9586760997772217,smollm/baseline,8192,8192,128,0.152,2.8744990825653076,,17.7165470123291,
152,7599848,1.0566489696502686,smollm/baseline,8192,8192,128,0.153,2.767164468765259,,15.913446426391602,
153,7649847,0.931699275970459,smollm/baseline,8192,8192,128,0.154,2.7906458377838135,,16.29153823852539,
154,7699846,0.9908735752105713,smollm/baseline,8192,8192,128,0.155,2.801384449005127,,16.467430114746094,
155,7749845,0.9534695148468018,smollm/baseline,8192,8192,128,0.156,2.8380517959594727,,17.08245277404785,
156,7799844,0.9524660110473633,smollm/baseline,8192,8192,128,0.157,2.933351755142212,,18.79050636291504,
157,7849843,0.996906042098999,smollm/baseline,8192,8192,128,0.158,2.8756465911865234,,17.736888885498047,
158,7899842,1.0588710308074951,smollm/baseline,8192,8192,128,0.159,2.853191375732422,,17.343042373657227,
159,7949841,0.9749517440795898,smollm/baseline,8192,8192,128,0.16,2.91141939163208,,18.382871627807617,
160,7999840,1.0159530639648438,smollm/baseline,8192,8192,128,0.161,2.907528877258301,,18.311492919921875,
161,8049839,0.9641118049621582,smollm/baseline,8192,8192,128,0.162,2.907381296157837,,18.30879020690918,
162,8099838,0.9380998611450195,smollm/baseline,8192,8192,128,0.163,2.8669986724853516,,17.584163665771484,
163,8149837,0.9489562511444092,smollm/baseline,8192,8192,128,0.164,2.831291675567627,,16.967363357543945,
164,8199836,0.9710898399353027,smollm/baseline,8192,8192,128,0.165,2.875398874282837,,17.73249626159668,
165,8249835,0.9443948268890381,smollm/baseline,8192,8192,128,0.166,2.789226770401001,,16.268436431884766,
166,8299834,0.9351863861083984,smollm/baseline,8192,8192,128,0.167,2.7521321773529053,,15.676020622253418,
167,8349833,0.9392035007476807,smollm/baseline,8192,8192,128,0.168,2.776090145111084,,16.056121826171875,
168,8399832,1.0354137420654297,smollm/baseline,8192,8192,128,0.169,2.823721408843994,,16.839401245117188,
169,8449831,0.9625651836395264,smollm/baseline,8192,8192,128,0.17,2.921626567840576,,18.571470260620117,
170,8499830,0.9610164165496826,smollm/baseline,8192,8192,128,0.171,2.928485155105591,,18.699281692504883,
171,8549829,1.0090219974517822,smollm/baseline,8192,8192,128,0.172,2.9285261631011963,,18.700048446655273,
172,8599828,0.9422934055328369,smollm/baseline,8192,8192,128,0.173,2.9057602882385254,,18.279136657714844,
173,8649827,0.9362466335296631,smollm/baseline,8192,8192,128,0.174,2.816840410232544,,16.723926544189453,
174,8699826,1.0043237209320068,smollm/baseline,8192,8192,128,0.175,2.719916582107544,,15.179056167602539,
175,8749825,0.9554839134216309,smollm/baseline,8192,8192,128,0.176,2.7476348876953125,,15.60567855834961,
176,8799824,0.9580128192901611,smollm/baseline,8192,8192,128,0.177,2.7720279693603516,,15.9910306930542,
177,8849823,0.9446539878845215,smollm/baseline,8192,8192,128,0.178,2.8605334758758545,,17.470844268798828,
178,8899822,1.0144703388214111,smollm/baseline,8192,8192,128,0.179,2.9070045948028564,,18.301895141601562,
179,8949821,0.9958887100219727,smollm/baseline,8192,8192,128,0.18,2.9370265007019043,,18.859683990478516,
180,8999820,0.9667713642120361,smollm/baseline,8192,8192,128,0.181,2.8608343601226807,,17.476102828979492,
181,9049819,0.9839048385620117,smollm/baseline,8192,8192,128,0.182,2.8595733642578125,,17.454078674316406,
182,9099818,0.9464211463928223,smollm/baseline,8192,8192,128,0.183,2.9212727546691895,,18.56490135192871,
183,9149817,0.9538793563842773,smollm/baseline,8192,8192,128,0.184,2.856443405151367,,17.399534225463867,
184,9199816,0.9616377353668213,smollm/baseline,8192,8192,128,0.185,2.9219818115234375,,18.57806968688965,
185,9249815,0.9825787544250488,smollm/baseline,8192,8192,128,0.186,2.897630214691162,,18.131128311157227,
186,9299814,0.9786674976348877,smollm/baseline,8192,8192,128,0.187,2.8660738468170166,,17.567909240722656,
187,9349813,0.9712550640106201,smollm/baseline,8192,8192,128,0.188,2.881976366043091,,17.849515914916992,
188,9399812,0.9880845546722412,smollm/baseline,8192,8192,128,0.189,2.8648767471313477,,17.546890258789062,
189,9449811,0.9515159130096436,smollm/baseline,8192,8192,128,0.19,2.7528367042541504,,15.687067985534668,
190,9499810,0.9320840835571289,smollm/baseline,8192,8192,128,0.191,2.6822123527526855,,14.617396354675293,
191,9549809,0.995246171951294,smollm/baseline,8192,8192,128,0.192,2.6986310482025146,,14.859375953674316,
192,9599808,0.9508523941040039,smollm/baseline,8192,8192,128,0.193,2.829697608947754,,16.940338134765625,
193,9649807,0.9613316059112549,smollm/baseline,8192,8192,128,0.194,2.8594019412994385,,17.451087951660156,
194,9699806,0.9488680362701416,smollm/baseline,8192,8192,128,0.195,2.8766632080078125,,17.75493049621582,
195,9749805,0.961944580078125,smollm/baseline,8192,8192,128,0.196,2.896160125732422,,18.1044921875,
196,9799804,0.9794740676879883,smollm/baseline,8192,8192,128,0.197,2.870049476623535,,17.63789176940918,
197,9849803,0.9493601322174072,smollm/baseline,8192,8192,128,0.198,2.943045139312744,,18.973535537719727,
198,9899802,1.046884298324585,smollm/baseline,8192,8192,128,0.199,2.7846765518188477,,16.194578170776367,
199,9949801,1.0189208984375,smollm/baseline,8192,8192,128,0.2,2.773508071899414,,16.01471710205078,
200,9999800,5.3907151222229,smollm/baseline,8192,8192,128,0.201,,2.88125,,17.8365535736084
200,9999800,6.491134881973267,smollm/baseline,8192,8192,128,0.201,2.9687256813049316,,19.46709632873535,
201,10049799,1.0123343467712402,smollm/baseline,8192,8192,128,0.202,2.725935220718384,,15.270689010620117,
202,10099798,1.087688684463501,smollm/baseline,8192,8192,128,0.203,2.7066991329193115,,14.979747772216797,
203,10149797,1.061159372329712,smollm/baseline,8192,8192,128,0.204,2.8823082447052,,17.855440139770508,
204,10199796,0.94142746925354,smollm/baseline,8192,8192,128,0.205,2.9055752754211426,,18.275754928588867,
205,10249795,0.9542558193206787,smollm/baseline,8192,8192,128,0.206,2.999250888824463,,20.07049560546875,
206,10299794,0.9820659160614014,smollm/baseline,8192,8192,128,0.207,2.952733039855957,,19.15824317932129,
207,10349793,0.9447212219238281,smollm/baseline,8192,8192,128,0.208,2.808786392211914,,16.589773178100586,
208,10399792,0.9571259021759033,smollm/baseline,8192,8192,128,0.209,2.8096370697021484,,16.603891372680664,
209,10449791,0.9807488918304443,smollm/baseline,8192,8192,128,0.21,2.898716449737549,,18.150833129882812,
210,10499790,0.9714903831481934,smollm/baseline,8192,8192,128,0.211,2.859299421310425,,17.449298858642578,
211,10549789,0.9608099460601807,smollm/baseline,8192,8192,128,0.212,2.8795745372772217,,17.80669593811035,
212,10599788,0.9527089595794678,smollm/baseline,8192,8192,128,0.213,2.9707353115081787,,19.506258010864258,
213,10649787,0.964451789855957,smollm/baseline,8192,8192,128,0.214,2.893688917160034,,18.0598087310791,
214,10699786,0.9716892242431641,smollm/baseline,8192,8192,128,0.215,2.9005026817321777,,18.18328285217285,
215,10749785,0.9568324089050293,smollm/baseline,8192,8192,128,0.216,2.940746307373047,,18.929967880249023,
216,10799784,0.9564507007598877,smollm/baseline,8192,8192,128,0.217,2.804995059967041,,16.526994705200195,
217,10849783,0.9652187824249268,smollm/baseline,8192,8192,128,0.218,2.8159291744232178,,16.708694458007812,
218,10899782,0.9855856895446777,smollm/baseline,8192,8192,128,0.219,2.9870519638061523,,19.827144622802734,
219,10949781,0.9993801116943359,smollm/baseline,8192,8192,128,0.22,2.884500503540039,,17.89462661743164,
220,10999780,0.980694055557251,smollm/baseline,8192,8192,128,0.221,2.719082832336426,,15.16640567779541,
221,11049779,0.9517185688018799,smollm/baseline,8192,8192,128,0.222,2.9405715465545654,,18.926660537719727,
222,11099778,0.9631376266479492,smollm/baseline,8192,8192,128,0.223,3.02339243888855,,20.560924530029297,
223,11149777,0.9505734443664551,smollm/baseline,8192,8192,128,0.224,2.931750535964966,,18.76044273376465,
224,11199776,0.9362313747406006,smollm/baseline,8192,8192,128,0.225,2.899488687515259,,18.16485595703125,
225,11249775,0.9880998134613037,smollm/baseline,8192,8192,128,0.226,2.7459359169006348,,15.579188346862793,
226,11299774,0.9842627048492432,smollm/baseline,8192,8192,128,0.227,2.7251038551330566,,15.2579984664917,
227,11349773,1.0560061931610107,smollm/baseline,8192,8192,128,0.228,2.851184129714966,,17.308265686035156,
228,11399772,0.9954349994659424,smollm/baseline,8192,8192,128,0.229,2.794569969177246,,16.355594635009766,
229,11449771,0.9992761611938477,smollm/baseline,8192,8192,128,0.23,2.753148078918457,,15.691953659057617,
230,11499770,1.0013506412506104,smollm/baseline,8192,8192,128,0.231,2.8482625484466553,,17.257770538330078,
231,11549769,0.9722251892089844,smollm/baseline,8192,8192,128,0.232,2.810802698135376,,16.62325668334961,
232,11599768,0.9815311431884766,smollm/baseline,8192,8192,128,0.233,2.7256968021392822,,15.267047882080078,
233,11649767,0.9700281620025635,smollm/baseline,8192,8192,128,0.234,2.873257875442505,,17.694570541381836,
234,11699766,0.9756081104278564,smollm/baseline,8192,8192,128,0.235,2.9152417182922363,,18.453271865844727,
235,11749765,0.9659767150878906,smollm/baseline,8192,8192,128,0.236,3.098494052886963,,22.164546966552734,
236,11799764,1.006721019744873,smollm/baseline,8192,8192,128,0.237,3.2355287075042725,,25.41980743408203,
237,11849763,1.2724840641021729,smollm/baseline,8192,8192,128,0.238,3.0878849029541016,,21.93064308166504,
238,11899762,1.1670668125152588,smollm/baseline,8192,8192,128,0.239,2.8755059242248535,,17.734394073486328,
239,11949761,0.9850091934204102,smollm/baseline,8192,8192,128,0.24,2.7429349422454834,,15.53250503540039,
240,11999760,0.9890508651733398,smollm/baseline,8192,8192,128,0.241,2.794631242752075,,16.356595993041992,
241,12049759,0.9951426982879639,smollm/baseline,8192,8192,128,0.242,2.7932968139648438,,16.33478355407715,
242,12099758,0.9471347332000732,smollm/baseline,8192,8192,128,0.243,2.781954765319824,,16.15056037902832,
243,12149757,1.0116980075836182,smollm/baseline,8192,8192,128,0.244,2.9416370391845703,,18.94683837890625,
244,12199756,0.9558706283569336,smollm/baseline,8192,8192,128,0.245,3.010873317718506,,20.305124282836914,
245,12249755,0.964310884475708,smollm/baseline,8192,8192,128,0.246,2.87168550491333,,17.666770935058594,
246,12299754,0.9913034439086914,smollm/baseline,8192,8192,128,0.247,2.8620078563690186,,17.49662208557129,
247,12349753,0.9791576862335205,smollm/baseline,8192,8192,128,0.248,3.0081207752227783,,20.249311447143555,
248,12399752,0.9764494895935059,smollm/baseline,8192,8192,128,0.249,2.97166109085083,,19.524324417114258,
249,12449751,1.1086695194244385,smollm/baseline,8192,8192,128,0.25,2.975522041320801,,19.599851608276367,
250,12499750,5.40554404258728,smollm/baseline,8192,8192,128,0.251,,2.8796875,,17.80870819091797
250,12499750,6.628453969955444,smollm/baseline,8192,8192,128,0.251,2.941239833831787,,18.939313888549805,
251,12549749,0.9900438785552979,smollm/baseline,8192,8192,128,0.252,2.7764055728912354,,16.061185836791992,
252,12599748,0.9855294227600098,smollm/baseline,8192,8192,128,0.253,2.893909454345703,,18.063791275024414,
253,12649747,0.9970567226409912,smollm/baseline,8192,8192,128,0.254,3.01145076751709,,20.31685447692871,
254,12699746,1.0464940071105957,smollm/baseline,8192,8192,128,0.255,2.785689115524292,,16.21098518371582,
255,12749745,1.0572295188903809,smollm/baseline,8192,8192,128,0.256,2.685727119445801,,14.668863296508789,
256,12799744,0.969977617263794,smollm/baseline,8192,8192,128,0.257,2.950603723526001,,19.11749267578125,
257,12849743,0.9307637214660645,smollm/baseline,8192,8192,128,0.258,3.0328993797302246,,20.757328033447266,
258,12899742,0.9578638076782227,smollm/baseline,8192,8192,128,0.259,2.9473934173583984,,19.056217193603516,
259,12949741,0.9689657688140869,smollm/baseline,8192,8192,128,0.26,2.9694607257843018,,19.48141098022461,
260,12999740,0.9492731094360352,smollm/baseline,8192,8192,128,0.261,2.882169723510742,,17.85296630859375,
261,13049739,0.9679715633392334,smollm/baseline,8192,8192,128,0.262,2.983238697052002,,19.75168228149414,
262,13099738,0.9764442443847656,smollm/baseline,8192,8192,128,0.263,2.9026706218719482,,18.222745895385742,
263,13149737,1.0112133026123047,smollm/baseline,8192,8192,128,0.264,2.9397644996643066,,18.911392211914062,
264,13199736,1.2589969635009766,smollm/baseline,8192,8192,128,0.265,3.391031503677368,,29.696569442749023,
265,13249735,1.757997751235962,smollm/baseline,8192,8192,128,0.266,3.565871238708496,,35.37025451660156,
266,13299734,1.3102364540100098,smollm/baseline,8192,8192,128,0.267,3.6066324710845947,,36.84177780151367,
267,13349733,1.311164140701294,smollm/baseline,8192,8192,128,0.268,3.6361501216888428,,37.94546890258789,
268,13399732,1.1520397663116455,smollm/baseline,8192,8192,128,0.269,3.195683717727661,,24.426868438720703,
269,13449731,0.996809720993042,smollm/baseline,8192,8192,128,0.27,2.8203861713409424,,16.7833309173584,
270,13499730,0.9338486194610596,smollm/baseline,8192,8192,128,0.271,2.779698610305786,,16.114164352416992,
271,13549729,0.9632275104522705,smollm/baseline,8192,8192,128,0.272,2.8008251190185547,,16.458221435546875,
272,13599728,1.065211296081543,smollm/baseline,8192,8192,128,0.273,2.9033446311950684,,18.23503303527832,
273,13649727,0.9957523345947266,smollm/baseline,8192,8192,128,0.274,2.887310266494751,,17.944976806640625,
274,13699726,1.0088145732879639,smollm/baseline,8192,8192,128,0.275,2.9480321407318115,,19.06839370727539,
275,13749725,1.0982005596160889,smollm/baseline,8192,8192,128,0.276,2.8915891647338867,,18.021926879882812,
276,13799724,0.9887073040008545,smollm/baseline,8192,8192,128,0.277,2.83066463470459,,16.956727981567383,
277,13849723,0.9796674251556396,smollm/baseline,8192,8192,128,0.278,3.013042688369751,,20.34922218322754,
278,13899722,0.9578168392181396,smollm/baseline,8192,8192,128,0.279,2.961317300796509,,19.323410034179688,
279,13949721,1.0450048446655273,smollm/baseline,8192,8192,128,0.28,2.758152961730957,,15.770687103271484,
280,13999720,1.055387020111084,smollm/baseline,8192,8192,128,0.281,2.788752317428589,,16.260719299316406,
281,14049719,1.0747406482696533,smollm/baseline,8192,8192,128,0.282,2.855210304260254,,17.37809181213379,
282,14099718,0.9988791942596436,smollm/baseline,8192,8192,128,0.283,2.719862937927246,,15.178241729736328,
283,14149717,1.0035247802734375,smollm/baseline,8192,8192,128,0.284,2.8816847801208496,,17.844310760498047,
284,14199716,0.9548659324645996,smollm/baseline,8192,8192,128,0.285,2.923597574234009,,18.608110427856445,
285,14249715,0.996192455291748,smollm/baseline,8192,8192,128,0.286,2.866974115371704,,17.583730697631836,
286,14299714,0.9785807132720947,smollm/baseline,8192,8192,128,0.287,2.929392099380493,,18.716249465942383,
287,14349713,0.9602189064025879,smollm/baseline,8192,8192,128,0.288,2.934255599975586,,18.807497024536133,
288,14399712,1.0216515064239502,smollm/baseline,8192,8192,128,0.289,2.974287271499634,,19.575666427612305,
289,14449711,0.9771881103515625,smollm/baseline,8192,8192,128,0.29,2.9360063076019287,,18.840452194213867,
290,14499710,0.9651026725769043,smollm/baseline,8192,8192,128,0.291,2.7627153396606445,,15.842803001403809,
291,14549709,1.0773959159851074,smollm/baseline,8192,8192,128,0.292,2.5292065143585205,,12.543548583984375,
292,14599708,1.0811400413513184,smollm/baseline,8192,8192,128,0.293,2.545034408569336,,12.743666648864746,
293,14649707,1.1178104877471924,smollm/baseline,8192,8192,128,0.294,2.6054165363311768,,13.53686237335205,
294,14699706,1.0592985153198242,smollm/baseline,8192,8192,128,0.295,2.730970621109009,,15.347776412963867,
295,14749705,0.9869523048400879,smollm/baseline,8192,8192,128,0.296,2.7831709384918213,,16.17021369934082,
296,14799704,0.9273314476013184,smollm/baseline,8192,8192,128,0.297,2.606411933898926,,13.55034351348877,
297,14849703,1.0081346035003662,smollm/baseline,8192,8192,128,0.298,2.8667562007904053,,17.57990074157715,
298,14899702,1.162165880203247,smollm/baseline,8192,8192,128,0.299,3.150747776031494,,23.3535213470459,
299,14949701,0.9280691146850586,smollm/baseline,8192,8192,128,0.3,2.9237825870513916,,18.611555099487305,
300,14999700,5.39983606338501,smollm/baseline,8192,8192,128,0.301,,2.8796875,,17.80870819091797
300,14999700,6.457376718521118,smollm/baseline,8192,8192,128,0.301,2.8304502964019775,,16.953092575073242,
301,15049699,1.0074632167816162,smollm/baseline,8192,8192,128,0.302,2.84891676902771,,17.269065856933594,
302,15099698,0.969304084777832,smollm/baseline,8192,8192,128,0.303,2.829282522201538,,16.933307647705078,
303,15149697,0.9508845806121826,smollm/baseline,8192,8192,128,0.304,2.845431327819824,,17.208980560302734,
304,15199696,0.9440603256225586,smollm/baseline,8192,8192,128,0.305,2.929128885269165,,18.711322784423828,
305,15249695,1.0206432342529297,smollm/baseline,8192,8192,128,0.306,2.887112855911255,,17.941434860229492,
306,15299694,1.1800899505615234,smollm/baseline,8192,8192,128,0.307,2.953598737716675,,19.174835205078125,
307,15349693,1.0997672080993652,smollm/baseline,8192,8192,128,0.308,2.9659223556518555,,19.412599563598633,
308,15399692,0.9470036029815674,smollm/baseline,8192,8192,128,0.309,2.9850497245788574,,19.787487030029297,
309,15449691,1.0598258972167969,smollm/baseline,8192,8192,128,0.31,2.6707615852355957,,14.450970649719238,
310,15499690,1.1055035591125488,smollm/baseline,8192,8192,128,0.311,2.5161960124969482,,12.38140869140625,
311,15549689,1.0160126686096191,smollm/baseline,8192,8192,128,0.312,2.8116321563720703,,16.63705062866211,
312,15599688,0.9660794734954834,smollm/baseline,8192,8192,128,0.313,2.834926128387451,,17.029142379760742,
313,15649687,1.0000693798065186,smollm/baseline,8192,8192,128,0.314,2.8387749195098877,,17.094810485839844,
314,15699686,1.1794464588165283,smollm/baseline,8192,8192,128,0.315,2.8513989448547363,,17.311983108520508,
315,15749685,0.9848785400390625,smollm/baseline,8192,8192,128,0.316,2.8365864753723145,,17.05743980407715,
316,15799684,0.9565591812133789,smollm/baseline,8192,8192,128,0.317,2.946544647216797,,19.040050506591797,
317,15849683,0.9586846828460693,smollm/baseline,8192,8192,128,0.318,2.9272258281707764,,18.675748825073242,
318,15899682,0.9941368103027344,smollm/baseline,8192,8192,128,0.319,2.9049746990203857,,18.264781951904297,
319,15949681,1.027204990386963,smollm/baseline,8192,8192,128,0.32,2.90366530418396,,18.240880966186523,
320,15999680,1.0026066303253174,smollm/baseline,8192,8192,128,0.321,2.9123330116271973,,18.399675369262695,
321,16049679,1.1341171264648438,smollm/baseline,8192,8192,128,0.322,2.872739553451538,,17.685401916503906,
322,16099678,1.1421289443969727,smollm/baseline,8192,8192,128,0.323,2.872335195541382,,17.678251266479492,
323,16149677,1.0465974807739258,smollm/baseline,8192,8192,128,0.324,2.8590281009674072,,17.444564819335938,
324,16199676,0.9829225540161133,smollm/baseline,8192,8192,128,0.325,2.8246586322784424,,16.85519027709961,
325,16249675,0.983985424041748,smollm/baseline,8192,8192,128,0.326,2.8540592193603516,,17.35809898376465,
326,16299674,0.9789378643035889,smollm/baseline,8192,8192,128,0.327,2.806699275970459,,16.55518341064453,
327,16349673,0.9709103107452393,smollm/baseline,8192,8192,128,0.328,2.7921664714813232,,16.316329956054688,
328,16399672,0.9637844562530518,smollm/baseline,8192,8192,128,0.329,2.965263605117798,,19.399816513061523,
329,16449671,0.9858314990997314,smollm/baseline,8192,8192,128,0.33,2.9692420959472656,,19.47715187072754,
330,16499670,0.9439394474029541,smollm/baseline,8192,8192,128,0.331,2.933020830154419,,18.78428840637207,
331,16549669,0.9651217460632324,smollm/baseline,8192,8192,128,0.332,2.9473376274108887,,19.05515480041504,
332,16599668,0.9672532081604004,smollm/baseline,8192,8192,128,0.333,2.7763452529907227,,16.060216903686523,
333,16649667,0.9451768398284912,smollm/baseline,8192,8192,128,0.334,2.6601309776306152,,14.298161506652832,
334,16699666,1.024637222290039,smollm/baseline,8192,8192,128,0.335,2.823390007019043,,16.833820343017578,
335,16749665,0.9723725318908691,smollm/baseline,8192,8192,128,0.336,3.0008840560913086,,20.103302001953125,
336,16799664,1.0095205307006836,smollm/baseline,8192,8192,128,0.337,2.771294593811035,,15.979307174682617,
337,16849663,1.0104382038116455,smollm/baseline,8192,8192,128,0.338,2.745023250579834,,15.56497573852539,
338,16899662,1.0348260402679443,smollm/baseline,8192,8192,128,0.339,2.9051971435546875,,18.268844604492188,
339,16949661,0.9573879241943359,smollm/baseline,8192,8192,128,0.34,2.817072629928589,,16.72780990600586,
340,16999660,1.0437712669372559,smollm/baseline,8192,8192,128,0.341,2.8398208618164062,,17.112699508666992,
341,17049659,1.0543172359466553,smollm/baseline,8192,8192,128,0.342,2.856933355331421,,17.40806007385254,
342,17099658,0.9564611911773682,smollm/baseline,8192,8192,128,0.343,2.83024263381958,,16.949573516845703,
343,17149657,1.0104105472564697,smollm/baseline,8192,8192,128,0.344,2.774956464767456,,16.03792953491211,
344,17199656,0.9737796783447266,smollm/baseline,8192,8192,128,0.345,2.750563144683838,,15.651443481445312,
345,17249655,0.9740757942199707,smollm/baseline,8192,8192,128,0.346,2.792987823486328,,16.329736709594727,
346,17299654,0.966660737991333,smollm/baseline,8192,8192,128,0.347,2.8338725566864014,,17.01120948791504,
347,17349653,0.9598395824432373,smollm/baseline,8192,8192,128,0.348,2.931015729904175,,18.746662139892578,
348,17399652,0.9772396087646484,smollm/baseline,8192,8192,128,0.349,2.9560930728912354,,19.22272300720215,
349,17449651,0.9867315292358398,smollm/baseline,8192,8192,128,0.35,2.9355483055114746,,18.831825256347656,
350,17499650,5.397535562515259,smollm/baseline,8192,8192,128,0.351,,2.8796875,,17.80870819091797
350,17499650,6.511634826660156,smollm/baseline,8192,8192,128,0.351,2.8992152214050293,,18.159887313842773,
351,17549649,0.9477448463439941,smollm/baseline,8192,8192,128,0.352,2.894975423812866,,18.083057403564453,
352,17599648,1.0261476039886475,smollm/baseline,8192,8192,128,0.353,2.97857928276062,,19.659866333007812,
353,17649647,1.053532361984253,smollm/baseline,8192,8192,128,0.354,2.880270004272461,,17.81908416748047,
354,17699646,1.1270387172698975,smollm/baseline,8192,8192,128,0.355,2.7208759784698486,,15.193625450134277,
355,17749645,1.09153413772583,smollm/baseline,8192,8192,128,0.356,2.8045780658721924,,16.520103454589844,
356,17799644,1.1400041580200195,smollm/baseline,8192,8192,128,0.357,3.0863163471221924,,21.896270751953125,
357,17849643,1.0410223007202148,smollm/baseline,8192,8192,128,0.358,3.001199722290039,,20.109647750854492,
358,17899642,1.051572322845459,smollm/baseline,8192,8192,128,0.359,2.7277495861053467,,15.298420906066895,
359,17949641,0.9711177349090576,smollm/baseline,8192,8192,128,0.36,2.818923234939575,,16.7587947845459,
360,17999640,0.9696049690246582,smollm/baseline,8192,8192,128,0.361,2.8879621028900146,,17.95667839050293,
361,18049639,0.9679388999938965,smollm/baseline,8192,8192,128,0.362,2.852522611618042,,17.33144760131836,
362,18099638,1.1111805438995361,smollm/baseline,8192,8192,128,0.363,3.110227108001709,,22.426136016845703,
363,18149637,1.1561601161956787,smollm/baseline,8192,8192,128,0.364,3.1407358646392822,,23.120874404907227,
364,18199636,0.9920282363891602,smollm/baseline,8192,8192,128,0.365,2.8998258113861084,,18.17098045349121,
365,18249635,0.957085132598877,smollm/baseline,8192,8192,128,0.366,2.9160189628601074,,18.467620849609375,
366,18299634,1.0023887157440186,smollm/baseline,8192,8192,128,0.367,2.8480522632598877,,17.25414276123047,
367,18349633,1.041384220123291,smollm/baseline,8192,8192,128,0.368,2.762204647064209,,15.834714889526367,
368,18399632,0.9764494895935059,smollm/baseline,8192,8192,128,0.369,2.842395544052124,,17.156816482543945,
369,18449631,0.9604496955871582,smollm/baseline,8192,8192,128,0.37,2.9459564685821533,,19.028854370117188,
370,18499630,0.9952049255371094,smollm/baseline,8192,8192,128,0.371,2.9373953342437744,,18.866640090942383,
371,18549629,1.133716106414795,smollm/baseline,8192,8192,128,0.372,3.2205300331115723,,25.04138946533203,
372,18599628,1.067152738571167,smollm/baseline,8192,8192,128,0.373,3.20281720161438,,24.60173988342285,
373,18649627,0.9943370819091797,smollm/baseline,8192,8192,128,0.374,2.786660671234131,,16.226743698120117,
374,18699626,0.9494376182556152,smollm/baseline,8192,8192,128,0.375,2.7679550647735596,,15.926033020019531,
375,18749625,0.9677238464355469,smollm/baseline,8192,8192,128,0.376,2.765547275543213,,15.88773250579834,
376,18799624,0.9858293533325195,smollm/baseline,8192,8192,128,0.377,2.9345028400421143,,18.812149047851562,
377,18849623,0.9629714488983154,smollm/baseline,8192,8192,128,0.378,3.0146877765655518,,20.382726669311523,
378,18899622,0.9871203899383545,smollm/baseline,8192,8192,128,0.379,2.996912956237793,,20.02362823486328,
379,18949621,1.0536699295043945,smollm/baseline,8192,8192,128,0.38,2.9078919887542725,,18.318143844604492,
380,18999620,0.9687800407409668,smollm/baseline,8192,8192,128,0.381,2.914750099182129,,18.444202423095703,
381,19049619,0.9407336711883545,smollm/baseline,8192,8192,128,0.382,3.117750406265259,,22.595491409301758,
382,19099618,0.9431109428405762,smollm/baseline,8192,8192,128,0.383,2.969432830810547,,19.480867385864258,
383,19149617,0.973280668258667,smollm/baseline,8192,8192,128,0.384,2.8924977779388428,,18.03830909729004,
384,19199616,0.9767303466796875,smollm/baseline,8192,8192,128,0.385,2.9118292331695557,,18.39040756225586,
385,19249615,0.9557003974914551,smollm/baseline,8192,8192,128,0.386,3.0756773948669434,,21.664552688598633,
386,19299614,0.985332727432251,smollm/baseline,8192,8192,128,0.387,2.9786319732666016,,19.66090202331543,
387,19349613,0.973759651184082,smollm/baseline,8192,8192,128,0.388,2.7456655502319336,,15.574975967407227,
388,19399612,0.9443531036376953,smollm/baseline,8192,8192,128,0.389,2.776740550994873,,16.066566467285156,
389,19449611,0.9648048877716064,smollm/baseline,8192,8192,128,0.39,2.7930030822753906,,16.329986572265625,
390,19499610,0.963655948638916,smollm/baseline,8192,8192,128,0.391,2.7996537685394287,,16.438953399658203,
391,19549609,1.0357623100280762,smollm/baseline,8192,8192,128,0.392,3.0011963844299316,,20.109580993652344,
392,19599608,0.9656062126159668,smollm/baseline,8192,8192,128,0.393,3.019031524658203,,20.47145652770996,
393,19649607,0.9572253227233887,smollm/baseline,8192,8192,128,0.394,2.8306474685668945,,16.956436157226562,
394,19699606,0.9942810535430908,smollm/baseline,8192,8192,128,0.395,2.74540376663208,,15.570899963378906,
395,19749605,0.9614467620849609,smollm/baseline,8192,8192,128,0.396,2.7951643466949463,,16.365318298339844,
396,19799604,0.9568557739257812,smollm/baseline,8192,8192,128,0.397,2.9087774753570557,,18.33437156677246,
397,19849603,0.9532508850097656,smollm/baseline,8192,8192,128,0.398,2.901669979095459,,18.20452117919922,
398,19899602,1.0319228172302246,smollm/baseline,8192,8192,128,0.399,2.8334381580352783,,17.003822326660156,
399,19949601,1.048124074935913,smollm/baseline,8192,8192,128,0.4,2.7922255992889404,,16.31729507446289,
400,19999600,5.399124622344971,smollm/baseline,8192,8192,128,0.401,,2.878125,,17.780900955200195
400,19999600,6.458826780319214,smollm/baseline,8192,8192,128,0.401,2.972097158432007,,19.532840728759766,
401,20049599,1.0004725456237793,smollm/baseline,8192,8192,128,0.402,3.041428327560425,,20.935123443603516,
402,20099598,1.03151273727417,smollm/baseline,8192,8192,128,0.403,2.9538376331329346,,19.17941665649414,
403,20149597,0.9863579273223877,smollm/baseline,8192,8192,128,0.404,2.8814480304718018,,17.840087890625,
404,20199596,1.0826566219329834,smollm/baseline,8192,8192,128,0.405,2.773599147796631,,16.01617431640625,
405,20249595,1.0771448612213135,smollm/baseline,8192,8192,128,0.406,2.716550350189209,,15.128046035766602,
406,20299594,0.9914722442626953,smollm/baseline,8192,8192,128,0.407,2.658590316772461,,14.27614974975586,
407,20349593,0.9529571533203125,smollm/baseline,8192,8192,128,0.408,2.6842596530914307,,14.647353172302246,
408,20399592,0.9887101650238037,smollm/baseline,8192,8192,128,0.409,2.8782122135162354,,17.782453536987305,
409,20449591,1.0048232078552246,smollm/baseline,8192,8192,128,0.41,2.8864192962646484,,17.928997039794922,
410,20499590,0.925114631652832,smollm/baseline,8192,8192,128,0.411,2.8931119441986084,,18.04939079284668,
411,20549589,0.968700647354126,smollm/baseline,8192,8192,128,0.412,2.995332717895508,,19.99201011657715,
412,20599588,0.9731383323669434,smollm/baseline,8192,8192,128,0.413,2.995349168777466,,19.992340087890625,
413,20649587,0.954033613204956,smollm/baseline,8192,8192,128,0.414,2.8217341899871826,,16.80596923828125,
414,20699586,1.0522735118865967,smollm/baseline,8192,8192,128,0.415,2.8029091358184814,,16.492555618286133,
415,20749585,1.0518722534179688,smollm/baseline,8192,8192,128,0.416,2.9571945667266846,,19.243907928466797,
416,20799584,1.0296063423156738,smollm/baseline,8192,8192,128,0.417,2.9380974769592285,,18.879892349243164,
417,20849583,0.9796674251556396,smollm/baseline,8192,8192,128,0.418,2.893076181411743,,18.04874610900879,
418,20899582,0.9775996208190918,smollm/baseline,8192,8192,128,0.419,2.905632734298706,,18.276803970336914,
419,20949581,0.9622745513916016,smollm/baseline,8192,8192,128,0.42,2.919581413269043,,18.533527374267578,
420,20999580,0.9548139572143555,smollm/baseline,8192,8192,128,0.421,2.906615972518921,,18.294784545898438,
421,21049579,1.0331532955169678,smollm/baseline,8192,8192,128,0.422,3.019896984100342,,20.489181518554688,
422,21099578,0.9523065090179443,smollm/baseline,8192,8192,128,0.423,3.067591905593872,,21.490089416503906,
423,21149577,0.9548792839050293,smollm/baseline,8192,8192,128,0.424,2.876127243041992,,17.74541664123535,
424,21199576,0.9507243633270264,smollm/baseline,8192,8192,128,0.425,2.8941457271575928,,18.06805992126465,
425,21249575,0.9674267768859863,smollm/baseline,8192,8192,128,0.426,2.9193222522735596,,18.528724670410156,
426,21299574,0.9659194946289062,smollm/baseline,8192,8192,128,0.427,2.847177028656006,,17.23904800415039,
427,21349573,0.9576513767242432,smollm/baseline,8192,8192,128,0.428,2.8558032512664795,,17.388399124145508,
428,21399572,0.9581644535064697,smollm/baseline,8192,8192,128,0.429,2.92128849029541,,18.56519317626953,
429,21449571,1.0035617351531982,smollm/baseline,8192,8192,128,0.43,3.008262872695923,,20.25218963623047,
430,21499570,1.018683671951294,smollm/baseline,8192,8192,128,0.431,2.91294264793396,,18.41089630126953,
431,21549569,0.9618449211120605,smollm/baseline,8192,8192,128,0.432,2.8600049018859863,,17.461612701416016,
432,21599568,0.9671058654785156,smollm/baseline,8192,8192,128,0.433,2.8700594902038574,,17.6380672454834,
433,21649567,0.9523160457611084,smollm/baseline,8192,8192,128,0.434,2.8851864337921143,,17.906906127929688,
434,21699566,0.9662418365478516,smollm/baseline,8192,8192,128,0.435,2.8481979370117188,,17.256656646728516,
435,21749565,0.9429798126220703,smollm/baseline,8192,8192,128,0.436,2.8283705711364746,,16.917871475219727,
436,21799564,0.933884859085083,smollm/baseline,8192,8192,128,0.437,2.7257683277130127,,15.26814079284668,
437,21849563,0.9371762275695801,smollm/baseline,8192,8192,128,0.438,2.710970401763916,,15.043867111206055,
438,21899562,0.9746949672698975,smollm/baseline,8192,8192,128,0.439,2.8962759971618652,,18.106590270996094,
439,21949561,0.9917759895324707,smollm/baseline,8192,8192,128,0.44,2.895747661590576,,18.097026824951172,
440,21999560,0.9572849273681641,smollm/baseline,8192,8192,128,0.441,2.909045696258545,,18.33928871154785,
441,22049559,0.9984955787658691,smollm/baseline,8192,8192,128,0.442,2.974147081375122,,19.572921752929688,
442,22099558,0.9599514007568359,smollm/baseline,8192,8192,128,0.443,2.9565393924713135,,19.231304168701172,
443,22149557,0.9608230590820312,smollm/baseline,8192,8192,128,0.444,2.9162614345550537,,18.47209930419922,
444,22199556,1.0053963661193848,smollm/baseline,8192,8192,128,0.445,2.8903074264526367,,17.998842239379883,
445,22249555,1.0716803073883057,smollm/baseline,8192,8192,128,0.446,2.882608652114868,,17.86080551147461,
446,22299554,0.9271631240844727,smollm/baseline,8192,8192,128,0.447,2.936645984649658,,18.852508544921875,
447,22349553,0.9532458782196045,smollm/baseline,8192,8192,128,0.448,2.9577794075012207,,19.25516700744629,
448,22399552,0.9644455909729004,smollm/baseline,8192,8192,128,0.449,2.9521918296813965,,19.147876739501953,
449,22449551,0.9673404693603516,smollm/baseline,8192,8192,128,0.45,2.8244118690490723,,16.851032257080078,
450,22499550,5.408818006515503,smollm/baseline,8192,8192,128,0.451,,2.8765625,,17.753143310546875
450,22499550,6.497461557388306,smollm/baseline,8192,8192,128,0.451,2.679946184158325,,14.584308624267578,
451,22549549,0.9476432800292969,smollm/baseline,8192,8192,128,0.452,2.7337920665740967,,15.391140937805176,
452,22599548,0.9552614688873291,smollm/baseline,8192,8192,128,0.453,2.8326587677001953,,16.99057388305664,
453,22649547,0.965862512588501,smollm/baseline,8192,8192,128,0.454,2.8475778102874756,,17.24595832824707,
454,22699546,0.9939239025115967,smollm/baseline,8192,8192,128,0.455,2.9149436950683594,,18.447772979736328,
455,22749545,0.9656357765197754,smollm/baseline,8192,8192,128,0.456,2.863558530807495,,17.523775100708008,
456,22799544,1.0361559391021729,smollm/baseline,8192,8192,128,0.457,2.799985647201538,,16.44441032409668,
457,22849543,0.9509232044219971,smollm/baseline,8192,8192,128,0.458,2.9206221103668213,,18.552825927734375,
458,22899542,0.9542863368988037,smollm/baseline,8192,8192,128,0.459,2.9047796726226807,,18.261219024658203,
459,22949541,0.9799156188964844,smollm/baseline,8192,8192,128,0.46,2.7929847240448,,16.329687118530273,
460,22999540,0.9965384006500244,smollm/baseline,8192,8192,128,0.461,2.858558416366577,,17.436372756958008,
461,23049539,0.9778668880462646,smollm/baseline,8192,8192,128,0.462,2.8781838417053223,,17.78194808959961,
462,23099538,0.9867315292358398,smollm/baseline,8192,8192,128,0.463,2.899949550628662,,18.173229217529297,
463,23149537,1.0395607948303223,smollm/baseline,8192,8192,128,0.464,2.8684308528900146,,17.609365463256836,
464,23199536,0.9573795795440674,smollm/baseline,8192,8192,128,0.465,2.796985626220703,,16.395151138305664,
465,23249535,0.9752383232116699,smollm/baseline,8192,8192,128,0.466,2.8804900646209717,,17.82300567626953,
466,23299534,0.9831991195678711,smollm/baseline,8192,8192,128,0.467,2.7541279792785645,,15.707337379455566,
467,23349533,1.005270004272461,smollm/baseline,8192,8192,128,0.468,2.7715957164764404,,15.984119415283203,
468,23399532,0.9567246437072754,smollm/baseline,8192,8192,128,0.469,2.995870590209961,,20.002765655517578,
469,23449531,0.9467544555664062,smollm/baseline,8192,8192,128,0.47,2.8590612411499023,,17.44514274597168,
470,23499530,0.9571025371551514,smollm/baseline,8192,8192,128,0.471,2.8728854656219482,,17.6879825592041,
471,23549529,0.9689414501190186,smollm/baseline,8192,8192,128,0.472,3.0303831100463867,,20.705163955688477,
472,23599528,1.0250155925750732,smollm/baseline,8192,8192,128,0.473,2.964313268661499,,19.381389617919922,
473,23649527,1.0081160068511963,smollm/baseline,8192,8192,128,0.474,2.9453721046447754,,19.017738342285156,
474,23699526,0.989290714263916,smollm/baseline,8192,8192,128,0.475,2.9612176418304443,,19.321483612060547,
475,23749525,1.1256189346313477,smollm/baseline,8192,8192,128,0.476,3.0959889888763428,,22.109092712402344,
476,23799524,1.0797698497772217,smollm/baseline,8192,8192,128,0.477,2.971275568008423,,19.51679801940918,
477,23849523,0.9505946636199951,smollm/baseline,8192,8192,128,0.478,2.8665945529937744,,17.577058792114258,
478,23899522,0.9595544338226318,smollm/baseline,8192,8192,128,0.479,2.9690678119659424,,19.473758697509766,
479,23949521,0.9369418621063232,smollm/baseline,8192,8192,128,0.48,2.974256992340088,,19.5750732421875,
480,23999520,0.937598705291748,smollm/baseline,8192,8192,128,0.481,3.04252552986145,,20.958106994628906,
481,24049519,1.0019941329956055,smollm/baseline,8192,8192,128,0.482,2.940134048461914,,18.91838264465332,
482,24099518,1.0730385780334473,smollm/baseline,8192,8192,128,0.483,2.8496744632720947,,17.282154083251953,
483,24149517,0.9540970325469971,smollm/baseline,8192,8192,128,0.484,2.9569287300109863,,19.238794326782227,
484,24199516,0.9976296424865723,smollm/baseline,8192,8192,128,0.485,2.975351095199585,,19.59650230407715,
485,24249515,0.9772963523864746,smollm/baseline,8192,8192,128,0.486,2.7936668395996094,,16.340829849243164,
486,24299514,1.074091911315918,smollm/baseline,8192,8192,128,0.487,2.871426820755005,,17.662200927734375,
487,24349513,1.021921157836914,smollm/baseline,8192,8192,128,0.488,2.990257978439331,,19.89081382751465,
488,24399512,0.9951076507568359,smollm/baseline,8192,8192,128,0.489,2.966660976409912,,19.426944732666016,
489,24449511,0.9735448360443115,smollm/baseline,8192,8192,128,0.49,2.9733219146728516,,19.556777954101562,
490,24499510,1.0461132526397705,smollm/baseline,8192,8192,128,0.491,3.0082180500030518,,20.25128173828125,
491,24549509,0.9711201190948486,smollm/baseline,8192,8192,128,0.492,2.886284351348877,,17.926576614379883,
492,24599508,0.9680304527282715,smollm/baseline,8192,8192,128,0.493,2.9396474361419678,,18.909177780151367,
493,24649507,0.9643640518188477,smollm/baseline,8192,8192,128,0.494,3.0213863849639893,,20.51972007751465,
494,24699506,0.9586474895477295,smollm/baseline,8192,8192,128,0.495,2.951589584350586,,19.136348724365234,
495,24749505,0.9941747188568115,smollm/baseline,8192,8192,128,0.496,2.9845590591430664,,19.77777862548828,
496,24799504,1.1575920581817627,smollm/baseline,8192,8192,128,0.497,3.1431117057800293,,23.175870895385742,
497,24849503,1.1598172187805176,smollm/baseline,8192,8192,128,0.498,3.0799918174743652,,21.758224487304688,
498,24899502,0.9426076412200928,smollm/baseline,8192,8192,128,0.499,2.871333599090576,,17.660554885864258,
499,24949501,0.9344208240509033,smollm/baseline,8192,8192,128,0.5,2.8094093799591064,,16.60011100769043,
500,24999500,5.395328044891357,smollm/baseline,8192,8192,128,0.501,,2.8765625,,17.753143310546875
500,24999500,6.416820526123047,smollm/baseline,8192,8192,128,0.501,2.7444887161254883,,15.556657791137695,
501,25049499,0.9375061988830566,smollm/baseline,8192,8192,128,0.502,2.842095375061035,,17.15166664123535,
502,25099498,0.9568672180175781,smollm/baseline,8192,8192,128,0.503,2.9935967922210693,,19.95733642578125,
503,25149497,0.9590060710906982,smollm/baseline,8192,8192,128,0.504,2.943722724914551,,18.98639678955078,
504,25199496,1.082890272140503,smollm/baseline,8192,8192,128,0.505,2.8339476585388184,,17.012487411499023,
505,25249495,1.134186029434204,smollm/baseline,8192,8192,128,0.506,2.92069673538208,,18.554210662841797,
506,25299494,0.9647216796875,smollm/baseline,8192,8192,128,0.507,2.9437096118927,,18.986146926879883,
507,25349493,0.9788928031921387,smollm/baseline,8192,8192,128,0.508,2.8431825637817383,,17.170324325561523,
508,25399492,0.9514625072479248,smollm/baseline,8192,8192,128,0.509,2.8245527744293213,,16.85340690612793,
509,25449491,0.9887621402740479,smollm/baseline,8192,8192,128,0.51,2.8548548221588135,,17.371915817260742,
510,25499490,0.968468427658081,smollm/baseline,8192,8192,128,0.511,2.92130184173584,,18.565441131591797,
511,25549489,0.9446754455566406,smollm/baseline,8192,8192,128,0.512,3.01469087600708,,20.382789611816406,
512,25599488,0.9727456569671631,smollm/baseline,8192,8192,128,0.513,2.9865405559539795,,19.817007064819336,
513,25649487,1.0328187942504883,smollm/baseline,8192,8192,128,0.514,2.9396533966064453,,18.909290313720703,
514,25699486,0.9558262825012207,smollm/baseline,8192,8192,128,0.515,2.863518714904785,,17.5230770111084,
515,25749485,0.9524099826812744,smollm/baseline,8192,8192,128,0.516,2.8625428676605225,,17.505985260009766,
516,25799484,0.9489648342132568,smollm/baseline,8192,8192,128,0.517,2.836379289627075,,17.053905487060547,
517,25849483,0.993736743927002,smollm/baseline,8192,8192,128,0.518,2.784252882003784,,16.187719345092773,
518,25899482,1.0067143440246582,smollm/baseline,8192,8192,128,0.519,2.812622547149658,,16.653535842895508,
519,25949481,0.9750759601593018,smollm/baseline,8192,8192,128,0.52,2.8777916431427,,17.77497673034668,
520,25999480,0.941455602645874,smollm/baseline,8192,8192,128,0.521,3.0535032749176025,,21.1894474029541,
521,26049479,0.9262547492980957,smollm/baseline,8192,8192,128,0.522,2.943028211593628,,18.973215103149414,
522,26099478,0.9959254264831543,smollm/baseline,8192,8192,128,0.523,2.6778736114501953,,14.554112434387207,
523,26149477,1.1164100170135498,smollm/baseline,8192,8192,128,0.524,2.8093414306640625,,16.598983764648438,
524,26199476,0.958122730255127,smollm/baseline,8192,8192,128,0.525,2.872969388961792,,17.68946647644043,
525,26249475,1.0002682209014893,smollm/baseline,8192,8192,128,0.526,2.797713041305542,,16.407081604003906,
526,26299474,1.0619325637817383,smollm/baseline,8192,8192,128,0.527,2.917912721633911,,18.502626419067383,
527,26349473,0.9791221618652344,smollm/baseline,8192,8192,128,0.528,2.888589859008789,,17.967954635620117,
528,26399472,0.9985339641571045,smollm/baseline,8192,8192,128,0.529,2.800295352935791,,16.449504852294922,
529,26449471,1.0261592864990234,smollm/baseline,8192,8192,128,0.53,2.835466146469116,,17.038341522216797,
530,26499470,0.953916072845459,smollm/baseline,8192,8192,128,0.531,2.8928780555725098,,18.045169830322266,
531,26549469,0.9456436634063721,smollm/baseline,8192,8192,128,0.532,2.97084379196167,,19.508373260498047,
532,26599468,0.978954553604126,smollm/baseline,8192,8192,128,0.533,3.0122127532958984,,20.332340240478516,
533,26649467,1.012566328048706,smollm/baseline,8192,8192,128,0.534,3.0226075649261475,,20.5447940826416,
534,26699466,0.9585809707641602,smollm/baseline,8192,8192,128,0.535,2.81463885307312,,16.687149047851562,
535,26749465,1.0435247421264648,smollm/baseline,8192,8192,128,0.536,2.7157931327819824,,15.116595268249512,
536,26799464,1.0438992977142334,smollm/baseline,8192,8192,128,0.537,2.8332645893096924,,17.000871658325195,
537,26849463,0.9853675365447998,smollm/baseline,8192,8192,128,0.538,2.8812928199768066,,17.837318420410156,
538,26899462,0.9688270092010498,smollm/baseline,8192,8192,128,0.539,2.8955790996551514,,18.093976974487305,
539,26949461,1.010232925415039,smollm/baseline,8192,8192,128,0.54,3.0808956623077393,,21.77789878845215,
540,26999460,1.1638803482055664,smollm/baseline,8192,8192,128,0.541,3.0459144115448,,21.029251098632812,
541,27049459,0.9612305164337158,smollm/baseline,8192,8192,128,0.542,2.8574581146240234,,17.417198181152344,
542,27099458,0.9698054790496826,smollm/baseline,8192,8192,128,0.543,3.0218005180358887,,20.52821922302246,
543,27149457,0.9514496326446533,smollm/baseline,8192,8192,128,0.544,2.917919635772705,,18.50275421142578,
544,27199456,1.0104575157165527,smollm/baseline,8192,8192,128,0.545,2.700279712677002,,14.883893966674805,
545,27249455,0.9671504497528076,smollm/baseline,8192,8192,128,0.546,2.772698163986206,,16.001750946044922,
546,27299454,1.0460841655731201,smollm/baseline,8192,8192,128,0.547,2.9718053340911865,,19.527141571044922,
547,27349453,1.058220386505127,smollm/baseline,8192,8192,128,0.548,2.973205089569092,,19.554492950439453,
548,27399452,0.9908163547515869,smollm/baseline,8192,8192,128,0.549,2.8451268672943115,,17.2037410736084,
549,27449451,0.9884798526763916,smollm/baseline,8192,8192,128,0.55,2.893829822540283,,18.062353134155273,
550,27499450,5.38972020149231,smollm/baseline,8192,8192,128,0.551,,2.8734375,,17.6977481842041
550,27499450,6.4009435176849365,smollm/baseline,8192,8192,128,0.551,2.9289398193359375,,18.707786560058594,
551,27549449,1.0254430770874023,smollm/baseline,8192,8192,128,0.552,2.780198097229004,,16.122215270996094,
552,27599448,0.9329190254211426,smollm/baseline,8192,8192,128,0.553,2.782766819000244,,16.163681030273438,
553,27649447,0.9551215171813965,smollm/baseline,8192,8192,128,0.554,2.8469009399414062,,17.234289169311523,
554,27699446,0.9781403541564941,smollm/baseline,8192,8192,128,0.555,2.7630717754364014,,15.848450660705566,
555,27749445,0.9801878929138184,smollm/baseline,8192,8192,128,0.556,2.892381191253662,,18.036205291748047,
556,27799444,0.9935505390167236,smollm/baseline,8192,8192,128,0.557,2.908235549926758,,18.324438095092773,
557,27849443,1.0788841247558594,smollm/baseline,8192,8192,128,0.558,2.828338146209717,,16.91732406616211,
558,27899442,0.9602715969085693,smollm/baseline,8192,8192,128,0.559,2.7909886837005615,,16.2971248626709,
559,27949441,1.011216402053833,smollm/baseline,8192,8192,128,0.56,2.810506820678711,,16.61833953857422,
560,27999440,0.9744629859924316,smollm/baseline,8192,8192,128,0.561,2.8730828762054443,,17.69147491455078,
561,28049439,1.079716682434082,smollm/baseline,8192,8192,128,0.562,2.922527313232422,,18.588207244873047,
562,28099438,1.0968272686004639,smollm/baseline,8192,8192,128,0.563,2.9831700325012207,,19.75032615661621,
563,28149437,0.9953610897064209,smollm/baseline,8192,8192,128,0.564,2.9474692344665527,,19.057662963867188,
564,28199436,0.9440910816192627,smollm/baseline,8192,8192,128,0.565,2.857006311416626,,17.409330368041992,
565,28249435,0.9768929481506348,smollm/baseline,8192,8192,128,0.566,2.8486227989196777,,17.26399040222168,
566,28299434,0.9584255218505859,smollm/baseline,8192,8192,128,0.567,2.7852065563201904,,16.20316505432129,
567,28349433,1.0544579029083252,smollm/baseline,8192,8192,128,0.568,2.7520899772644043,,15.675358772277832,
568,28399432,1.1756484508514404,smollm/baseline,8192,8192,128,0.569,2.939744472503662,,18.911012649536133,
569,28449431,1.1312768459320068,smollm/baseline,8192,8192,128,0.57,2.903351306915283,,18.23515510559082,
570,28499430,1.0357556343078613,smollm/baseline,8192,8192,128,0.571,2.912078619003296,,18.394994735717773,
571,28549429,0.9430053234100342,smollm/baseline,8192,8192,128,0.572,2.905869722366333,,18.28113555908203,
572,28599428,0.9775125980377197,smollm/baseline,8192,8192,128,0.573,2.79062819480896,,16.291250228881836,
573,28649427,0.9955966472625732,smollm/baseline,8192,8192,128,0.574,2.8463172912597656,,17.224233627319336,
574,28699426,0.9791324138641357,smollm/baseline,8192,8192,128,0.575,2.9011309146881104,,18.19470977783203,
575,28749425,1.081549882888794,smollm/baseline,8192,8192,128,0.576,2.916167736053467,,18.470367431640625,
576,28799424,1.0090935230255127,smollm/baseline,8192,8192,128,0.577,2.8867976665496826,,17.935781478881836,
577,28849423,1.2071282863616943,smollm/baseline,8192,8192,128,0.578,2.9559502601623535,,19.21997833251953,
578,28899422,1.7786977291107178,smollm/baseline,8192,8192,128,0.579,3.0838449001312256,,21.842222213745117,
579,28949421,1.3107335567474365,smollm/baseline,8192,8192,128,0.58,3.0526528358459473,,21.17143440246582,
580,28999420,1.189730167388916,smollm/baseline,8192,8192,128,0.581,2.904592514038086,,18.257802963256836,
581,29049419,1.0112524032592773,smollm/baseline,8192,8192,128,0.582,2.7064990997314453,,14.976751327514648,
582,29099418,1.1621301174163818,smollm/baseline,8192,8192,128,0.583,2.6899831295013428,,14.731427192687988,
583,29149417,1.0361933708190918,smollm/baseline,8192,8192,128,0.584,2.8521549701690674,,17.325077056884766,
584,29199416,0.9928910732269287,smollm/baseline,8192,8192,128,0.585,2.958425521850586,,19.267610549926758,
585,29249415,0.9749851226806641,smollm/baseline,8192,8192,128,0.586,2.828087091445923,,16.913076400756836,
586,29299414,0.9506423473358154,smollm/baseline,8192,8192,128,0.587,2.771348237991333,,15.980164527893066,
587,29349413,0.9754199981689453,smollm/baseline,8192,8192,128,0.588,2.7817909717559814,,16.14791488647461,
588,29399412,0.9666540622711182,smollm/baseline,8192,8192,128,0.589,2.773739814758301,,16.018428802490234,
589,29449411,0.9608938694000244,smollm/baseline,8192,8192,128,0.59,2.7881696224212646,,16.25124740600586,
590,29499410,1.0047478675842285,smollm/baseline,8192,8192,128,0.591,2.8229055404663086,,16.825666427612305,
591,29549409,0.9567668437957764,smollm/baseline,8192,8192,128,0.592,2.7937355041503906,,16.341951370239258,
592,29599408,0.9560065269470215,smollm/baseline,8192,8192,128,0.593,2.7809524536132812,,16.134380340576172,
593,29649407,1.0090553760528564,smollm/baseline,8192,8192,128,0.594,2.7646493911743164,,15.87347412109375,
594,29699406,0.9412510395050049,smollm/baseline,8192,8192,128,0.595,2.7505743503570557,,15.651618957519531,
595,29749405,0.9452357292175293,smollm/baseline,8192,8192,128,0.596,2.730973720550537,,15.347824096679688,
596,29799404,0.9986951351165771,smollm/baseline,8192,8192,128,0.597,2.847261428833008,,17.240503311157227,
597,29849403,0.9541003704071045,smollm/baseline,8192,8192,128,0.598,2.8774962425231934,,17.769725799560547,
598,29899402,1.0026004314422607,smollm/baseline,8192,8192,128,0.599,2.8024628162384033,,16.485197067260742,
599,29949401,1.1591439247131348,smollm/baseline,8192,8192,128,0.6,2.929124116897583,,18.71123504638672,
600,29999400,5.406983137130737,smollm/baseline,8192,8192,128,0.601,,2.8734375,,17.6977481842041
600,29999400,6.7708423137664795,smollm/baseline,8192,8192,128,0.601,2.9990453720092773,,20.06637191772461,
601,30049399,1.1954851150512695,smollm/baseline,8192,8192,128,0.602,3.024878978729248,,20.59151268005371,
602,30099398,0.9830737113952637,smollm/baseline,8192,8192,128,0.603,2.885011672973633,,17.903776168823242,
603,30149397,1.0186636447906494,smollm/baseline,8192,8192,128,0.604,2.8111939430236816,,16.6297607421875,
604,30199396,0.9636368751525879,smollm/baseline,8192,8192,128,0.605,2.8166983127593994,,16.72154998779297,
605,30249395,0.9575154781341553,smollm/baseline,8192,8192,128,0.606,2.976118564605713,,19.611547470092773,
606,30299394,1.0748562812805176,smollm/baseline,8192,8192,128,0.607,3.069474935531616,,21.530593872070312,
607,30349393,1.1428205966949463,smollm/baseline,8192,8192,128,0.608,3.0112624168395996,,20.313026428222656,
608,30399392,1.0404407978057861,smollm/baseline,8192,8192,128,0.609,2.9128410816192627,,18.409025192260742,
609,30449391,0.9582841396331787,smollm/baseline,8192,8192,128,0.61,2.9642412662506104,,19.379993438720703,
610,30499390,0.9479444026947021,smollm/baseline,8192,8192,128,0.611,2.8931171894073486,,18.04948616027832,
611,30549389,0.9670839309692383,smollm/baseline,8192,8192,128,0.612,2.737165689468384,,15.44315242767334,
612,30599388,0.9357812404632568,smollm/baseline,8192,8192,128,0.613,2.7928624153137207,,16.32769012451172,
613,30649387,0.9988193511962891,smollm/baseline,8192,8192,128,0.614,2.721778154373169,,15.2073392868042,
614,30699386,1.0576047897338867,smollm/baseline,8192,8192,128,0.615,2.6455888748168945,,14.091740608215332,
615,30749385,0.9762370586395264,smollm/baseline,8192,8192,128,0.616,2.8517026901245117,,17.317243576049805,
616,30799384,0.987018346786499,smollm/baseline,8192,8192,128,0.617,2.8925135135650635,,18.038593292236328,
617,30849383,1.0488035678863525,smollm/baseline,8192,8192,128,0.618,2.8659307956695557,,17.56539535522461,
618,30899382,1.0023155212402344,smollm/baseline,8192,8192,128,0.619,3.096216917037964,,22.114133834838867,
619,30949381,0.9545590877532959,smollm/baseline,8192,8192,128,0.62,3.0232577323913574,,20.558155059814453,
620,30999380,0.9587826728820801,smollm/baseline,8192,8192,128,0.621,2.8316500186920166,,16.97344398498535,
621,31049379,0.9623775482177734,smollm/baseline,8192,8192,128,0.622,2.990265369415283,,19.890960693359375,
622,31099378,0.9456593990325928,smollm/baseline,8192,8192,128,0.623,2.9710421562194824,,19.512243270874023,
623,31149377,0.9637706279754639,smollm/baseline,8192,8192,128,0.624,2.8973488807678223,,18.126028060913086,
624,31199376,1.0467326641082764,smollm/baseline,8192,8192,128,0.625,2.948591470718384,,19.07906150817871,
625,31249375,0.9680502414703369,smollm/baseline,8192,8192,128,0.626,2.811086416244507,,16.627973556518555,
